{
    "type": "package",
    "name": "1602/elm-feather",
    "summary": "Feather icons for elm",
    "license": "BSD-3-Clause",
    "version": "2.3.4",
    "exposed-modules": [
        "FeatherIcons"
    ],
    "elm-version": "0.19.0 <= v < 0.20.0",
    "dependencies": {
        "elm/core": "1.0.0 <= v < 2.0.0",
        "elm/html": "1.0.0 <= v < 2.0.0",
        "elm/json": "1.0.0 <= v < 2.0.0",
        "elm/svg": "1.0.0 <= v < 2.0.0",
        "elm/virtual-dom": "1.0.0 <= v < 2.0.0"
    },
    "test-dependencies": {}
}