{
    "type": "package",
    "name": "danyx23/elm-uuid",
    "summary": "Create UUIDs (Version 4) - 128 bit pseudo-random identifiers",
    "license": "BSD-3-Clause",
    "version": "2.1.2",
    "exposed-modules": [
        "Uuid",
        "Uuid.Barebones"
    ],
    "elm-version": "0.19.0 <= v < 0.20.0",
    "dependencies": {
        "elm/core": "1.0.0 <= v < 2.0.0",
        "elm/json": "1.0.0 <= v < 2.0.0",
        "elm/random": "1.0.0 <= v < 2.0.0",
        "elm/regex": "1.0.0 <= v < 2.0.0"
    },
    "test-dependencies": {
        "elm-explorations/test": "1.0.0 <= v < 2.0.0"
    }
}