{
    "type": "package",
    "name": "pablohirafuji/elm-syntax-highlight",
    "summary": "Syntax highlighting in Elm",
    "license": "Apache-2.0",
    "version": "3.4.0",
    "exposed-modules": [
        "SyntaxHighlight"
    ],
    "elm-version": "0.19.0 <= v < 0.20.0",
    "dependencies": {
        "elm/core": "1.0.0 <= v < 2.0.0",
        "elm/html": "1.0.0 <= v < 2.0.0",
        "elm/parser": "1.1.0 <= v < 2.0.0",
        "elm/regex": "1.0.0 <= v < 2.0.0"
    },
    "test-dependencies": {
        "elm-explorations/test": "1.1.0 <= v < 2.0.0"
    }
}
