{
    "type": "package",
    "name": "PaackEng/paack-remotedata",
    "summary": "Paack's approach to Kris Jenkins' RemoteData.",
    "license": "BSD-3-Clause",
    "version": "1.1.0",
    "exposed-modules": [
        "Remote.Data",
        "Remote.Dict.Recyclable",
        "Remote.Errors",
        "Remote.Recyclable",
        "Remote.Response"
    ],
    "elm-version": "0.19.0 <= v < 0.20.0",
    "dependencies": {
        "dillonkearns/elm-graphql": "5.0.0 <= v < 5.1.0",
        "elm/core": "1.0.5 <= v < 2.0.0"
    },
    "test-dependencies": {}
}
