{
    "type": "package",
    "name": "krisajenkins/remotedata",
    "summary": "Tools for fetching data from remote sources (incl. HTTP).",
    "license": "MIT",
    "version": "6.0.1",
    "exposed-modules": [
        "RemoteData"
    ],
    "elm-version": "0.19.0 <= v < 0.20.0",
    "dependencies": {
        "elm/core": "1.0.2 <= v < 2.0.0",
        "elm/http": "2.0.0 <= v < 3.0.0",
        "elm/json": "1.1.2 <= v < 2.0.0"
    },
    "test-dependencies": {
        "elm-explorations/test": "1.2.0 <= v < 2.0.0"
    }
}