{
    "type": "package",
    "name": "elm/svg",
    "summary": "Fast SVG, rendered with virtual DOM diffing",
    "license": "BSD-3-Clause",
    "version": "1.0.1",
    "exposed-modules": {
        "SVG": [
            "Svg",
            "Svg.Attributes",
            "Svg.Events"
        ],
        "Optimize": [
            "Svg.Keyed",
            "Svg.Lazy"
        ]
    },
    "elm-version": "0.19.0 <= v < 0.20.0",
    "dependencies": {
        "elm/core": "1.0.0 <= v < 2.0.0",
        "elm/html": "1.0.0 <= v < 2.0.0",
        "elm/json": "1.0.0 <= v < 2.0.0",
        "elm/virtual-dom": "1.0.0 <= v < 2.0.0"
    },
    "test-dependencies": {}
}