{
    "type": "package",
    "name": "ThinkAlexandria/elm-pretty-print-json",
    "summary": "Pretty print JSON with nesting indents into a String",
    "license": "BSD-3-Clause",
    "version": "1.0.1",
    "exposed-modules": [
        "Json.Print"
    ],
    "elm-version": "0.19.0 <= v < 0.20.0",
    "dependencies": {
        "elm/core": "1.0.0 <= v < 2.0.0",
        "elm/html": "1.0.0 <= v < 2.0.0",
        "elm/json": "1.0.0 <= v < 2.0.0",
        "the-sett/elm-pretty-printer": "2.0.0 <= v < 3.0.0"
    },
    "test-dependencies": {}
}