{
    "type": "package",
    "name": "elm-community/json-extra",
    "summary": "Convenience functions for working with JSON",
    "license": "MIT",
    "version": "4.3.0",
    "exposed-modules": [
        "Json.Decode.Extra",
        "Json.Encode.Extra"
    ],
    "elm-version": "0.19.0 <= v < 0.20.0",
    "dependencies": {
        "elm/core": "1.0.0 <= v < 2.0.0",
        "elm/json": "1.0.0 <= v < 2.0.0",
        "elm/time": "1.0.0 <= v < 2.0.0",
        "elm/url": "1.0.0 <= v < 2.0.0",
        "rtfeldman/elm-iso8601-date-strings": "1.0.0 <= v < 2.0.0"
    },
    "test-dependencies": {
        "elm-explorations/test": "1.0.0 <= v < 2.0.0"
    }
}