{
    "type": "package",
    "name": "NoRedInk/datetimepicker-legacy",
    "summary": "Reusable date and time picker view",
    "license": "Apache-2.0",
    "version": "1.0.4",
    "exposed-modules": [
        "DateTimePicker",
        "DateTimePicker.Config"
    ],
    "elm-version": "0.19.0 <= v < 0.20.0",
    "dependencies": {
        "elm/core": "1.0.0 <= v < 6.0.0",
        "elm/html": "1.0.0 <= v < 2.0.0",
        "elm/json": "1.0.0 <= v < 2.0.0",
        "elm/parser": "1.1.0 <= v < 2.0.0",
        "elm/svg": "1.0.1 <= v < 2.0.0",
        "elm/time": "1.0.0 <= v < 2.0.0",
        "rtfeldman/elm-css": "16.0.0 <= v < 17.0.0"
    },
    "test-dependencies": {
        "elm-explorations/test": "1.2.0 <= v < 2.0.0"
    }
}