{
    "type": "package",
    "name": "FabienHenon/elm-infinite-scroll",
    "summary": "Infinite scroll API",
    "license": "BSD-3-Clause",
    "version": "3.0.3",
    "exposed-modules": [
        "InfiniteScroll"
    ],
    "elm-version": "0.19.0 <= v < 0.20.0",
    "dependencies": {
        "elm/core": "1.0.0 <= v < 2.0.0",
        "elm/html": "1.0.0 <= v < 2.0.0",
        "elm/json": "1.0.0 <= v < 2.0.0",
        "elm/time": "1.0.0 <= v < 2.0.0"
    },
    "test-dependencies": {
        "elm-explorations/test": "1.0.0 <= v < 2.0.0"
    }
}
