{
    "type": "package",
    "name": "rtfeldman/elm-iso8601-date-strings",
    "summary": "Convert ISO8601 date strings to and from Posix times",
    "license": "BSD-3-Clause",
    "version": "1.1.3",
    "exposed-modules": [
        "Iso8601"
    ],
    "elm-version": "0.19.0 <= v < 0.20.0",
    "dependencies": {
        "elm/core": "1.0.0 <= v < 2.0.0",
        "elm/json": "1.0.0 <= v < 2.0.0",
        "elm/parser": "1.0.0 <= v < 2.0.0",
        "elm/time": "1.0.0 <= v < 2.0.0"
    },
    "test-dependencies": {
        "elm-explorations/test": "1.0.0 <= v < 2.0.0"
    }
}
