{
    "type": "package",
    "name": "PaackEng/paack-ui",
    "summary": "Paack's Design System applied over Elm UI",
    "license": "BSD-3-Clause",
    "version": "2.1.0",
    "exposed-modules": [
        "UI.Alert",
        "UI.Badge",
        "UI.Button",
        "UI.Checkbox",
        "UI.Icon",
        "UI.Link",
        "UI.ListView",
        "UI.LoadingView",
        "UI.NavigationContainer",
        "UI.Paginator",
        "UI.Palette",
        "UI.Radio",
        "UI.RenderConfig",
        "UI.Size",
        "UI.SummaryListItem",
        "UI.Tables.Common",
        "UI.Tables.Stateful",
        "UI.Tables.Stateless",
        "UI.Tabs",
        "UI.Text",
        "UI.TextField",
        "UI.Utils.Action",
        "UI.Utils.ARIA",
        "UI.Utils.Element",
        "UI.Utils.Focus",
        "UI.Utils.TypeNumbers",
        "UI.V2.Dialog",
        "UI.Layout.SplitSelectable"
    ],
    "elm-version": "0.19.0 <= v < 0.20.0",
    "dependencies": {
        "elm/core": "1.0.0 <= v < 2.0.0",
        "elm/html": "1.0.0 <= v < 2.0.0",
        "elm/json": "1.1.3 <= v < 2.0.0",
        "elm/svg": "1.0.1 <= v < 2.0.0",
        "elm/time": "1.0.0 <= v < 2.0.0",
        "mdgriffith/elm-ui": "1.1.8 <= v < 2.0.0"
    },
    "test-dependencies": {
        "elm-explorations/test": "1.2.2 <= v < 2.0.0"
    }
}
