{
    "type": "package",
    "name": "TSFoster/elm-sha1",
    "summary": "Generate SHA1 digests of strings or arbitrary data",
    "license": "BSD-3-Clause",
    "version": "2.1.1",
    "exposed-modules": [
        "SHA1"
    ],
    "elm-version": "0.19.0 <= v < 0.20.0",
    "dependencies": {
        "danfishgold/base64-bytes": "1.0.2 <= v < 2.0.0",
        "elm/bytes": "1.0.8 <= v < 2.0.0",
        "elm/core": "1.0.2 <= v < 2.0.0",
        "rtfeldman/elm-hex": "1.0.0 <= v < 2.0.0"
    },
    "test-dependencies": {
        "elm-explorations/test": "1.2.2 <= v < 2.0.0",
        "zwilias/elm-utf-tools": "2.0.1 <= v < 3.0.0"
    }
}
