{
    "type": "package",
    "name": "PaackEng/elm-ui-dropdown",
    "summary": "An Elm UI dropdown component",
    "license": "MIT",
    "version": "1.2.0",
    "exposed-modules": [
        "Dropdown"
    ],
    "elm-version": "0.19.0 <= v < 0.20.0",
    "dependencies": {
        "elm/browser": "1.0.1 <= v < 2.0.0",
        "elm/core": "1.0.0 <= v < 2.0.0",
        "elm/html": "1.0.0 <= v < 2.0.0",
        "elm/json": "1.1.2 <= v < 2.0.0",
        "mdgriffith/elm-ui": "1.1.5 <= v < 2.0.0"
    },
    "test-dependencies": {}
}
