{
    "type": "package",
    "name": "TSFoster/elm-md5",
    "summary": "Computes MD5 hash of non-string data",
    "license": "BSD-3-Clause",
    "version": "2.0.0",
    "exposed-modules": [
        "MD5"
    ],
    "elm-version": "0.19.0 <= v < 0.20.0",
    "dependencies": {
        "elm/core": "1.0.0 <= v < 2.0.0",
        "zwilias/elm-utf-tools": "2.0.0 <= v < 3.0.0"
    },
    "test-dependencies": {
        "elm-explorations/test": "1.0.0 <= v < 2.0.0",
        "rtfeldman/elm-hex": "1.0.0 <= v < 2.0.0"
    }
}
