{
    "type": "package",
    "name": "TSFoster/elm-uuid",
    "summary": "Create and manage UUIDs",
    "license": "BSD-3-Clause",
    "version": "4.1.0",
    "exposed-modules": [
        "UUID"
    ],
    "elm-version": "0.19.0 <= v < 0.20.0",
    "dependencies": {
        "TSFoster/elm-bytes-extra": "1.1.0 <= v < 2.0.0",
        "TSFoster/elm-md5": "2.0.0 <= v < 3.0.0",
        "TSFoster/elm-sha1": "2.1.1 <= v < 3.0.0",
        "elm/bytes": "1.0.8 <= v < 2.0.0",
        "elm/core": "1.0.0 <= v < 2.0.0",
        "elm/json": "1.1.3 <= v < 2.0.0",
        "elm/random": "1.0.0 <= v < 2.0.0"
    },
    "test-dependencies": {
        "elm/regex": "1.0.0 <= v < 2.0.0",
        "elm-community/json-extra": "4.0.0 <= v < 5.0.0",
        "elm-explorations/test": "1.2.2 <= v < 2.0.0"
    }
}
