{
    "type": "package",
    "name": "PaackEng/elm-datetime-picker",
    "summary": "a datetime picker component",
    "license": "MIT",
    "version": "1.0.0",
    "exposed-modules": [
        "DurationDatePicker",
        "SingleDatePicker"
    ],
    "elm-version": "0.19.0 <= v < 0.20.0",
    "dependencies": {
        "elm/browser": "1.0.0 <= v < 2.0.0",
        "elm/core": "1.0.0 <= v < 2.0.0",
        "elm/html": "1.0.0 <= v < 2.0.0",
        "elm/json": "1.0.0 <= v < 2.0.0",
        "elm/svg": "1.0.1 <= v < 2.0.0",
        "elm/time": "1.0.0 <= v < 2.0.0",
        "elm-community/html-extra": "3.2.0 <= v < 4.0.0",
        "elm-community/list-extra": "8.2.0 <= v < 9.0.0",
        "justinmimbs/time-extra": "1.1.0 <= v < 2.0.0"
    },
    "test-dependencies": {
        "elm-explorations/test": "1.2.2 <= v < 2.0.0"
    }
}
