{
    "type": "package",
    "name": "TSFoster/elm-bytes-extra",
    "summary": "Helpers for working with elm/bytes",
    "license": "BSD-3-Clause",
    "version": "1.3.0",
    "exposed-modules": [
        "Bytes.Extra",
        "Bytes.Decode.Extra",
        "Bytes.Encode.Extra"
    ],
    "elm-version": "0.19.0 <= v < 0.20.0",
    "dependencies": {
        "elm/bytes": "1.0.8 <= v < 2.0.0",
        "elm/core": "1.0.2 <= v < 2.0.0"
    },
    "test-dependencies": {
        "TSFoster/elm-sha1": "2.1.0 <= v < 3.0.0",
        "elm-explorations/test": "1.2.2 <= v < 2.0.0",
        "truqu/elm-md5": "1.1.0 <= v < 2.0.0"
    }
}
