{
    "type": "package",
    "name": "TheSacredLipton/elm-ui-hexcolor",
    "summary": "Add hex color declarations to elm-ui.",
    "license": "BSD-3-Clause",
    "version": "1.0.1",
    "exposed-modules": [
        "Element.HexColor"
    ],
    "elm-version": "0.19.0 <= v < 0.20.0",
    "dependencies": {
        "elm/core": "1.0.0 <= v < 2.0.0",
        "elm-community/list-extra": "8.2.4 <= v < 9.0.0",
        "elm-community/result-extra": "2.4.0 <= v < 3.0.0",
        "mdgriffith/elm-ui": "1.1.5 <= v < 2.0.0",
        "waratuman/elm-coder": "3.0.1 <= v < 4.0.0"
    },
    "test-dependencies": {
        "elm/random": "1.0.0 <= v < 2.0.0",
        "elm-explorations/test": "1.0.0 <= v < 2.0.0"
    }
}
