{
    "type": "package",
    "name": "NoRedInk/elm-rollbar",
    "summary": "Send reports to Rollbar",
    "license": "BSD-3-Clause",
    "version": "2.0.0",
    "exposed-modules": [
        "Rollbar"
    ],
    "elm-version": "0.19.0 <= v < 0.20.0",
    "dependencies": {
        "Skinney/murmur3": "2.0.8 <= v < 3.0.0",
        "danyx23/elm-uuid": "2.1.2 <= v < 3.0.0",
        "elm/core": "1.0.0 <= v < 2.0.0",
        "elm/http": "2.0.0 <= v < 3.0.0",
        "elm/json": "1.0.0 <= v < 2.0.0",
        "elm/random": "1.0.0 <= v < 2.0.0",
        "elm/time": "1.0.0 <= v < 2.0.0"
    },
    "test-dependencies": {}
}
