{
    "type": "package",
    "name": "mdgriffith/elm-ui",
    "summary": "Layout and style that's easy to refactor, all without thinking about CSS.",
    "license": "BSD-3-Clause",
    "version": "1.1.7",
    "exposed-modules": [
        "Element",
        "Element.Input",
        "Element.Events",
        "Element.Background",
        "Element.Border",
        "Element.Font",
        "Element.Lazy",
        "Element.Keyed",
        "Element.Region"
    ],
    "elm-version": "0.19.0 <= v < 0.20.0",
    "dependencies": {
        "elm/core": "1.0.0 <= v < 2.0.0",
        "elm/html": "1.0.0 <= v < 2.0.0",
        "elm/json": "1.0.0 <= v < 2.0.0",
        "elm/virtual-dom": "1.0.0 <= v < 2.0.0"
    },
    "test-dependencies": {
        "elm-explorations/test": "1.2.2 <= v < 2.0.0"
    }
}
