{
    "type": "package",
    "name": "CurrySoftware/elm-datepicker",
    "summary": "A reusable date picker component",
    "license": "BSD-3-Clause",
    "version": "4.0.0",
    "exposed-modules": [
        "DatePicker"
    ],
    "elm-version": "0.19.0 <= v < 0.20.0",
    "dependencies": {
        "elm/browser": "1.0.0 <= v < 2.0.0",
        "elm/core": "1.0.0 <= v < 2.0.0",
        "elm/html": "1.0.0 <= v < 2.0.0",
        "elm/json": "1.0.0 <= v < 2.0.0",
        "elm/time": "1.0.0 <= v < 2.0.0",
        "justinmimbs/date": "2.0.0 <= v < 4.0.0"
    },
    "test-dependencies": {}
}