{
    "type": "package",
    "name": "ryannhg/date-format",
    "summary": "A reliable way to format dates and times with Elm.",
    "license": "BSD-3-Clause",
    "version": "2.3.0",
    "exposed-modules": [
        "DateFormat",
        "DateFormat.Language",
        "DateFormat.Relative"
    ],
    "elm-version": "0.19.0 <= v < 0.20.0",
    "dependencies": {
        "elm/core": "1.0.0 <= v < 2.0.0",
        "elm/time": "1.0.0 <= v < 2.0.0"
    },
    "test-dependencies": {
        "elm-explorations/test": "1.0.0 <= v < 2.0.0"
    }
}