{
    "type": "package",
    "name": "avh4/elm-debug-controls",
    "summary": "Easily create interactive UIs for complex data structures",
    "license": "BSD-3-Clause",
    "version": "2.2.1",
    "exposed-modules": [
        "Debug.Control"
    ],
    "elm-version": "0.19.0 <= v < 0.20.0",
    "dependencies": {
        "NoRedInk/datetimepicker-legacy": "1.0.1 <= v < 2.0.0",
        "elm/core": "1.0.0 <= v < 2.0.0",
        "elm/html": "1.0.0 <= v < 2.0.0",
        "elm/json": "1.1.3 <= v < 2.0.0",
        "elm/time": "1.0.0 <= v < 2.0.0",
        "justinmimbs/time-extra": "1.1.0 <= v < 2.0.0",
        "rtfeldman/elm-css": "16.0.0 <= v < 17.0.0"
    },
    "test-dependencies": {
        "elm-explorations/test": "1.2.1 <= v < 2.0.0"
    }
}
