{
    "type": "package",
    "name": "waratuman/elm-coder",
    "summary": "A Base64, Base32, and Base16 (hexadecimal) decoder and encoder",
    "license": "BSD-3-Clause",
    "version": "3.0.1",
    "exposed-modules": [
        "Base64",
        "Base32",
        "Base16"
    ],
    "elm-version": "0.19.0 <= v < 0.20.0",
    "dependencies": {
        "elm/core": "1.0.0 <= v < 2.0.0",
        "elm-community/list-extra": "8.0.0 <= v < 9.0.0",
        "elm-community/result-extra": "2.2.1 <= v < 3.0.0"
    },
    "test-dependencies": {
        "elm-explorations/test": "1.2.2 <= v < 2.0.0"
    }
}