{
    "type": "package",
    "name": "PaackEng/elm-svg-string",
    "summary": "Serializes a SVG node into a string",
    "license": "BSD-3-Clause",
    "version": "1.0.2",
    "exposed-modules": [
        "Svg.String",
        "Svg.String.Attributes",
        "Svg.String.Keyed",
        "Svg.String.Lazy",
        "Svg.String.Events"
    ],
    "elm-version": "0.19.0 <= v < 0.20.0",
    "dependencies": {
        "elm/core": "1.0.0 <= v < 2.0.0",
        "elm/html": "1.0.0 <= v < 2.0.0",
        "elm/json": "1.0.0 <= v < 2.0.0",
        "elm/svg": "1.0.1 <= v < 2.0.0",
        "elm/virtual-dom": "1.0.0 <= v < 2.0.0"
    },
    "test-dependencies": {
        "elm-explorations/test": "1.1.0 <= v < 2.0.0"
    }
}