{
    "type": "package",
    "name": "lukewestby/elm-string-interpolate",
    "summary": "Inject values from a list into a template. Useful for i18n and templated copy.",
    "license": "MIT",
    "version": "1.0.4",
    "exposed-modules": [
        "String.Interpolate"
    ],
    "elm-version": "0.19.0 <= v < 0.20.0",
    "dependencies": {
        "elm/core": "1.0.0 <= v < 2.0.0",
        "elm/regex": "1.0.0 <= v < 2.0.0"
    },
    "test-dependencies": {
        "elm-explorations/test": "1.0.0 <= v < 2.0.0"
    }
}
